{
    "products": [
        {
            "id": 1,
            "name": "습식사료",
            "price": 50000,
            "seller": "내추럴코어",
            "imgUrl": "images/products/food1.jpg"
        },
        {
            "id": 2,
            "name": "하네스",
            "price": 60000,
            "seller": "도기멍",
            "imgUrl": "images/products/acc1.jpg"
        },
        {
            "id": 3,
            "name": "배변패드",
            "price": 50000,
            "seller": "흡수혁명",
            "imgUrl": "images/products/house1.jpg"
        },
        {
            "id": 4,
            "name": "냠냠사료",
            "price": 30000,
            "seller": "망고망고",
            "imgUrl": "images/products/food2.jpg"
        },
        {
            "id": 5,
            "name": "장난감",
            "price": 70000,
            "seller": "도기멍",
            "imgUrl": "images/products/toy2.jpg"
        },
        {
            "id": 6,
            "name": "멍기쿠션",
            "price": 50000,
            "seller": "폭신짱",
            "imgUrl": "images/products/house2.jpg"
        },
        {
            "id": 7,
            "name": "건식사료",
            "price": 47000,
            "seller": "얄루",
            "imgUrl": "images/products/food3.jpg"
        },
        {
            "id": 8,
            "name": "망고간식",
            "price": 100000,
            "seller": "망고쓰",
            "imgUrl": "images/products/snack1.jpg"
        },
        {
            "id": 9,
            "name": "망고가좋아하는간식",
            "price": 50000,
            "seller": "멍냥이",
            "imgUrl": "images/products/snack2.jpg"
        },
        {
            "id": 10,
            "name": "패션왕망고",
            "price": 90000,
            "seller": "망고84",
            "imgUrl": "images/products/toy1.jpg"
        }
    ]
}s